http://news.naver.com/main/read.nhn?mode=LSD&mid=shm&sid1=105&oid=366&aid=0000271577	50명의 확진 환자를 감염시킨 국내 메르스(MERS, 중동호흡기증후군) 바이러스의 전자현미경 사진이 처음 언론에 공개됐다.			
http://news.naver.com/main/read.nhn?mode=LSD&mid=shm&sid1=105&oid=214&aid=0000504372	2011년 후쿠시마 원전 사태를 계기로 세계 각국에서 개발하기 시작했는데, 가장 뛰어난 로봇을 뽑는 경연 대회가 미국에서 열린 겁니다.			
http://news.naver.com/main/read.nhn?mode=LSD&mid=shm&sid1=105&oid=001&aid=0007643209	(런던=연합뉴스) 황정우 특파원 = 애플이 디지털 미디어업체에 대한 수수료율을 낮추는 새로운 계약 방식을 마련하고 있다고 영국 일간 파이낸셜타임스(FT)가 6일(현지시간) 전했다.			
http://news.naver.com/main/read.nhn?mode=LSD&mid=shm&sid1=105&oid=081&aid=0002565152	과학자들이 특정 단어에 대한 뇌 반응에는 개인 차이가 있어 비밀번호를 대신할 수 있다는 결과를 발표했다.			
http://news.naver.com/main/read.nhn?mode=LSD&mid=shm&sid1=105&oid=109&aid=0003084388	아직까지 주류는 2.5형 이하 HDD가 내장된 외장 HDD지만 최근에는 외장 SSD가 속속 출시되면서 소비자들의 관심을 얻고 있다.			
http://news.naver.com/main/read.nhn?mode=LSD&mid=shm&sid1=105&oid=018&aid=0003271910	“단통법에다 메르스까지 사람이 너무 없어요.”	휴대폰 유통점들은 단말기유통법 이후 줄어든 손님에다 메르스 사태까지 겹쳐 어려움이 더 큰 것이다.		
http://news.naver.com/main/read.nhn?mode=LSD&mid=shm&sid1=105&oid=028&aid=0002277296	그래서 별의 색은 물질이 아니라 온도에 의해 결정된다.	실은 그와는 정반대로 별은 푸를수록 뜨겁고 붉을수록 차갑다.		
http://news.naver.com/main/read.nhn?mode=LSD&mid=shm&sid1=105&oid=016&aid=0000749902	가격 대비 고품질을 앞세운 중국산의 공세가 국내외에서 파상적으로 펼쳐지고 있다.			
http://news.naver.com/main/read.nhn?mode=LSD&mid=shm&sid1=105&oid=081&aid=0002565179	지구의 세차운동을 찍은 놀라운 사진이 1일(현지시간) 우주전문 사이트 스페이스닷컴에 발표되어 화제가 되고 있다.	이 사진을 제작한 천체사진 작가 미구엘 클라로는 스페이스닷컴에 보낸 이메일에서 직녀성 베가를 '북극성'으로 한 별들의 일주사진 촬영기법을 개발했다고 밝혔다.		
http://news.naver.com/main/read.nhn?mode=LSD&mid=shm&sid1=105&oid=092&aid=0002076390	마이크로소프트(MS)는 웹기반 스카이프 서비스 베타 버전을 미국과 영국 사용자들에게 공개했다.			
http://news.naver.com/main/read.nhn?mode=LSD&mid=shm&sid1=105&oid=018&aid=0003272040	세계적 과학저널 ‘네이처’(Naure)는 5일(현지시간) 한국의 중증호흡기증후군(메르스) 사태에 대해 “메르스-코로바이러스는 병원에서는 때때로 인간 바이러스(사람 간에 활발하게 전염)처럼 행동한다”면서 “환자의 폐에서 나오는 연무질(에어로졸)에 (바이러스가 실려) 주변을 오염시키거나 주변 사람들을 감염시킬 수 있다”고 전했다.			
http://news.naver.com/main/read.nhn?mode=LSD&mid=shm&sid1=105&oid=031&aid=0000350956	모바일 플랫폼 시장을 장악하기 위한 애플과 구글의 주도권 경쟁이 스마트폰과 태블릿을 넘어 커넥티드카 시장으로 확대되면서 이 시장의 주도권을 어느 업체가 잡을지에 관심이 모아지고 있다.			
http://news.naver.com/main/read.nhn?mode=LSD&mid=shm&sid1=105&oid=016&aid=0000749746	사흘에 한번꼴로 새로운 요금제나 서비스가 발표됐다.			
http://news.naver.com/main/read.nhn?mode=LSD&mid=shm&sid1=105&oid=277&aid=0003514068	앞으로 구글에서 이용자들이 자신의 개인정보 이용 범위를 설정할 수 있게 됐다.			
http://news.naver.com/main/read.nhn?mode=LSD&mid=shm&sid1=105&oid=008&aid=0003484325	구글이 모바일 결제 시스템인 ‘안드로이드 페이’에 신용카드 수수료를 부과하지 않기로 했다.			
http://news.naver.com/main/read.nhn?mode=LSD&mid=shm&sid1=105&oid=008&aid=0003484328	세계적인 과학전문지 네이처(Nature)가 메르스(중동호흡기증후군) 바이러스는 인간 사이에서 자유롭게 전파되는 바이러스(인간 바이러스)가 아니라고 6일(한국시간) 보도했다.			
http://news.naver.com/main/read.nhn?mode=LSD&mid=shm&sid1=105&oid=096&aid=0000377854	하지만 분명한 것은 이제 지구온난화가 단순히 기후 변화 차원을 넘어 지구의 중력까지도 변화시키고 있다는 사실이다.	물론 빙하가 녹아내리면서 중력이 달라진다고 해서 당장 큰 문제가 생기는 것은 아니다.		
http://news.naver.com/main/ranking/read.nhn?mid=etc&sid1=111&rankingType=popular_day&oid=421&aid=0001455456&date=20150606&type=1&rankingSectionId=100&rankingSeq=1	한국과 일본 정부가 오는 9일 일본 나가사키현 하시마(군함도) 등 일제 강점기 조선인 강제징용 시설을 포함한 일본 메이지 산업시설 세계문화유산 등재 문제를 놓고 양자협의를 재개한다.	외교부는 6일 "일본 메이지 산업혁명시설 세계유산 등재 문제 관련 한일 정부 간 제2차 협의가 9일 서울 외교부에서 개최될 예정"이라고 밝혔다.		
http://news.naver.com/main/ranking/read.nhn?mid=etc&sid1=111&rankingType=popular_day&oid=001&aid=0007642823&date=20150606&type=1&rankingSectionId=100&rankingSeq=3	황교안 국무총리 후보자가 서울 서초구에 있는 아파트를 사면서 실제 구입한 가격보다 낮은 금액으로 신고하는 '다운계약서'를 작성했다는 의혹이 제기됐다.			
http://news.naver.com/main/ranking/read.nhn?mid=etc&sid1=111&rankingType=popular_day&oid=001&aid=0007642776&date=20150606&type=1&rankingSectionId=100&rankingSeq=4	박 대통령은 이날 국립서울현충원에서 열린 제60회 현충일 추념식에 참석, 추념사를 통해 "지난 역사를 되돌아보면 국민이 하나 된 마음으로 단결하고 전진할 때에는 발전과 번영의 꽃을 피웠지만, 국론이 흩어지고 분열과 갈등으로 갈 때는 반드시 위기를 겪었다"면서 이같이 밝혔다.			
http://news.naver.com/main/ranking/read.nhn?mid=etc&sid1=111&rankingType=popular_day&oid=001&aid=0007642998&date=20150606&type=0&rankingSectionId=100&rankingSeq=7	6일 오후 1시 35분께 강원도 철원군 도창리 군 사격장 피탄지에서 불발탄이 터져 A(59)씨가 숨졌다.			
http://news.naver.com/main/ranking/read.nhn?mid=etc&sid1=111&rankingType=popular_day&oid=001&aid=0007643161&date=20150606&type=1&rankingSectionId=100&rankingSeq=8	조국평화통일위원회(조평통)는 이날 서기국 '보도'를 통해 "괴뢰패당은 연평도의 불벼락이 결코 지나간 일이 아니라는 것을 똑바로 알고 함부로 날뛰지 말아야 한다"고 경고했다고 조선중앙통신이 보도했다.			
http://www.g-enews.com/ko-kr/news/article/news_all/201506061001094080390_1/article.html	박원순 시장은 지난 4일 오후 시청 브리핑룸에서 메르스와 관련한 긴급 브리핑을 열어 "지난 1일 메르스 확정 판정을 받은 35번 환자(34세·서울 대형병원 의사)가 지난 27일 메르스 의심으로 자택 격리조치 됐지만 확진 판정 직전 약 1500여명과 직간접 접촉했다"고 밝혔다.			
http://joynews.inews24.com/php/news_view.php?g_menu=702220&g_serial=901866&rrf=nv	네덜란드는 6일 새벽(한국시간) 네덜란드 암스테르담 아레나에서 열린 미국과의 친선경기에서 3-4로 졌다.			
http://imnews.imbc.com/replay/2015/nwtoday/article/3712316_14782.html	마약 매수와 투약 혐의로 구속 기소된 배우 김성민 씨가 "추가로 마약을 매수했다"고 자백해 충격을 주고 있습니다.			
http://en.seoul.co.kr/news/newsView.php?id=20150606500067	메르스 바이러스가 평택성모병원 에어컨 의료진 통해 확산된 것으로 추정되고 있다.			
http://www.etnews.com/20150606000056	보건복지부 중앙메르스관리대책본부는 메르스 환자가 가장 많이 발생한 병원이 '평택성모병원'이라는 점과 이 병원 문 손잡이 등 다른 환경검사체에서도 바이러스가 검출됐다고 밝혔다.			
http://news.donga.com/DKBNEWS/3/all/20150606/71675294/3	경기 부천에서 메르스 첫 양성 판정자가 나왔다.	6일 부천시에 따르면 부천 지역에서 자영업을 하는 이모 씨(36)가 이날 오전 경기도 보건환경연구원 1차 검사에서 메르스 양성 판정을 받았다.		
http://sports.donga.com/3/all/20150604/71650063/2	5일 오전 서울행정법원 지하2층 B210호 법정에서는 에이미의 출국명령처분 취소 소송과 관련한 판결 선고가 진행된다.			
http://sports.hankooki.com/lpage/baseball/201506/sp2015060515013357360.htm	프로야구 선수 이승엽 400홈런이 화제인 가운데 이승엽 400홈런볼의 가치에 대한 관심이 뜨겁다.			
http://news.kmib.co.kr/article/view.asp?arcid=0009517116&code=61111111&cp=nv	새누리당 김무성 대표는 5일 “메르스(중동호흡기증후군)에 과잉 대응하는 것은 국가적으로 큰 손실”이라고 말했다.			
http://news1.kr/articles/?2267028	중국 양쯔강에서 전복된 여객선 '둥팡즈싱'호가 사고 나흘만인 5일 바로 세워졌다.			
http://www.hankyung.com/news/app/newsview.php?aid=2015060570327	의료계 종사자는 올바른 기침 에티켓에 대해 "최악의 방법은 손으로 막고 기침을 하는 것"이라고 밝혔다.			
http://news1.kr/articles/?2266209	중동호흡기증후군(메르스) 자가 격리자의 남편이 아내로부터 채취한 검체 샘플을 직접 수송하는 어처구니 없는 일이 발생했다.			
http://article.joins.com/news/article/article.asp?total_id=17964188&cloc=olink|article|default	지난 2월 21일 방송된 MBC ‘휴먼다큐 사람이 좋다’(이하 ‘사람이 좋다’)에서는 신이 내린 몸매로 화제가 된 모델 유승옥의 일상이 공개됐다.			
http://nownews.seoul.co.kr/news/newsView.php?id=20150605601007	아버지에게 꾸중을 들으며 긴 머리카락을 잘린 13세 소녀가 이러한 장면이 담긴 동영상이 유튜브에 올라오자 수치심을 이기지 못하고 강으로 투신자살해 충격을 주고 있다고 미 현지 언론들이 4일(현지시간) 보도했다.			
http://osen.mt.co.kr/article/G1110170376	SK는 5일 구단 공식 발표를 통해 코칭스태프 보직 변경을 알렸다.			
http://economy.hankooki.com/lpage/society/201506/e20150605133525117920.htm	메르스 격리 대상자와 접촉한 학생이 있다는 방역당국의 통보에 청주에 있는 서원대학교가 일주일간 휴업을 결정했다.			
http://sports.hankooki.com/lpage/sisa/201506/sp20150605101311137070.htm	이날 문형표 보건복지부 장관은 "경기도 평택에 위치한 평택성모병원에서 가장 많은 환자가 발생했다"라며 "최초의 감염 환자가 입원한 5월 15일부터 병원이 폐쇄된 29일 사이에 병원에 있거나 방문한 사람들이 감염에 노출될 가능성이 있다"라고 밝혔다.			
http://www.wowtv.co.kr/newscenter/news/view.asp?bcode=T30001000&artid=A201506050362	중구청에 따르면 중구 구의회에 근무하는 팀장급 공무원 A씨가 오늘(5일) 새벽 시내 보건소에서 메르스 1차 양성 판정을 받았다.	`중구청 공무원 메르스 확진` 서울 중구청 공무원 한명이 중동호흡기증후군,메르스 양성 판정을 받았다.		
http://mbn.mk.co.kr/pages/news/newsView.php?category=mbn00009&news_seq_no=2384668	4일 오후 방역당국의 통보를 받은 서원대는 긴급 대책회의를 열어 5일부터 12일까지 '비등교 자율학습'(휴업)을 결정했고, 비상연락망을 통해 각 학과·학생들에게 이런 사실을 통보했다고 밝혔습니다.	청주 서원대학교에서 중동호흡기증후군(메르스·MERS) 격리대상자와 접촉한 학생이 발생해 일주일간 휴교합니다..		
http://www.greenpostkorea.co.kr/news/article.html?no=48985	서울시가 중동호흡기증후군(MERS) 확산을 막기 위해 주최하는 행사를 취소하거나 연기하기로 했다.			
http://news.donga.com/3/all/20150604/71645259/1	5일 보건복지부 중앙메르스관리대책본부에 따르면 메르스 검사에서 공군 원사 등 5명이 추가로 양성으로 확인됐다. 메르스 확진자 5명이 추가되면서 총 41명이 됐다.	중동호흡기증후군(메르스) 확진자가 5명이 추가돼 총 41명으로 늘어났다.		
http://sports.chosun.com/news/ntype.htm?id=201505310100349530024849&servicedate=20150530	AP·AFP통신 등에 따르면 미국 국방부는 29일(현지시간) 또 다른 살아있는 탄저균 표본이 2008년 호주의 한 실험시설로도 보내진 것을 확인했다고 밝혔다.	미군이 지난 2008년에 살아있는 탄저균을 다른 연구기관으로 보낸 사실이 드러났다.		
http://sports.donga.com/3/all/20150604/71652377/2	3 일(현지시각) OECD의 ‘2015 더 나은 삶 지수’ 조사에 따르면 한국은 11개 세부 평가부문 가운데 ‘사회적 연계’에서 36개 조사대상국 중 꼴찌를 기록했다.	한국인들은 각종 사회적 관계를 중시하지만 정작 어려울 때 의존할 수 있는 사람이 있다고 응답한 비율은 OECD 회원국 가운데 가장 낮은 것으로 나타났다.		
http://economy.hankooki.com/lpage/economy/201506/e2015060418295370070.htm	정부가 중동호흡기증후군(MERS·메르스) 감염자 발생 보름여 만에 관계부처 합동 점검반을 4일 지각 가동했다.			
http://www.ihalla.com/read.php3?aid=1433409920501887010	메르스(중동호흡기증후군) 발생으로 한국 관광을 취소한 외국인이 전날보다 급증하고 있는 것으로 나타났다.			
http://economy.hankooki.com/lpage/society/201506/e2015060416231093760.htm	메르스 환자의 병실에서 30분에서 1시간가량 머문 2명이 감염돼 메르스 확진 판정을 받았다는 조사 결과가 나왔다.			
http://www.segye.com/content/html/2015/06/04/20150604000137.html?OutUrl=naver	미 국방부 관리들은 6월 3일 지난 10년 동안 살아 있는 탄저균의 잘못된 배송 문제가 생각보다 더 심각할 것이라고 밝혔다.			
http://www.segye.com/content/html/2015/06/04/20150604003736.html?OutUrl=naver	비리 스캔들의 핵심 인물인 잭 워너(사진) 전 부회장은 3일(현지시간) FIFA가 자신의 조국 트리니다드 토바고의 총선에 개입했다는 의혹을 제기했다.	뇌물비리 수사를 받고 있는 국제축구연맹(FIFA)가 이번에는 국가별 정치에도 개입한 의혹이 제기돼 파문이 확산되고 있다.		
https://www.lawtimes.co.kr/Legal-News/Legal-News-View?serial=93406	30대 여성변호사가 자신이 일하던 법률사무소의 '횡포'를 견디다 못해 최근 서울지방변호사회에 고용주들을 처벌해달라며 진정을 내는 사건이 발생했다.			
http://www.segye.com/content/html/2015/06/04/20150604000930.html?OutUrl=naver	지난 2일(현지시각) 미국 뉴스앤포스트 등 현지 언론은 지난달 31일 한인 주류점주 차모 씨(44)가 자신의 점포에서 백인 남성의 총격에 피살당했다고 보도했다.			
http://www.nocutnews.co.kr/news/4422798	4일 광주 북부 경찰서는 차량 절도 및 음주 운전 등의 혐의로 박 모(36) 씨를 현행범으로 체포했다고 밝혔다.	만취 상태로 화물차를 훔쳐 몰다가 주차된 차량을 연쇄적으로 들이받은 뒤 도주한 30대가 경찰에 잡혔다.		
http://medipana.com/news/news_viewer.asp?NewsNum=167643&MainKind=A&NewsKind=5&vCount=12&vKind=1	관련업계에 따르면 최근 자진정리를 선택했던 의약품 유통업체 세종메디컬 김행권 대표가 심적 부담감을 이기지 못하고 자살한 것으로 전해진다.			
http://www.mydaily.co.kr/new_yk/html/read.php?newsid=201506032232632217&ext=na	오승환은 3일(이하 한국시각) 일본 효고현 니시노미야 고시엔구장서 열린 2015 일본프로야구 지바 롯데 마린스전에 구원 등판, 2이닝을 2피안타 2탈삼진 무실점으로 틀어막았다.	끝판대장' 오승환이 동점 상황에서 무실점투로 시즌 2승째를 따냈다.		
http://sports.hankooki.com/lpage/life/201506/sp20150603111058136800.htm	지난 2일 대전시는 역학조사 결과 메르스 확진 판정을 받거나 의심 신고가 접수된 환자의 주변인들과 전부 접촉해 24시간 모니터링하고 있다"라며 "현재 모니터링 중인 시민은 109명이다"라고 밝혔다.	중동 호흡기증후군으로 알려진 메르스가 대전에서도 확진자가 발생해 충격을 주고있다.		
http://news.naver.com/main/ranking/read.nhn?mid=etc&sid1=111&rankingType=popular_day&oid=001&aid=0007643138&date=20150606&type=1&rankingSectionId=104&rankingSeq=1	이준삼 한승호 특파원 = 중국 양쯔(揚子)강 유람선 침몰사고가 440여명의 사망·실종자를 낸 것으로 확인되면서 신중국 건국 이후 최악의 선박참사가 됐다.			
http://news.naver.com/main/ranking/read.nhn?mid=etc&sid1=111&rankingType=popular_day&oid=001&aid=0007643225&date=20150606&type=1&rankingSectionId=104&rankingSeq=2	말레이시아 보르네오섬 사바주 키나발루산에서 5일(현지시간) 발생한 지진으로 인한 사망자가 하루 만에 11명으로 늘어났다.			
http://news.naver.com/main/ranking/read.nhn?mid=etc&sid1=111&rankingType=popular_day&oid=028&aid=0002277302&date=20150606&type=1&rankingSectionId=104&rankingSeq=3	중국 정부가 중동호흡기증후군(메르스)을 이유로 박민권 문화체육관광부 제1차관 등이 포함된 한국 언론대표단의 중국 내 공식 행사에 대해 연기를 요청해왔다.			
http://news.naver.com/main/ranking/read.nhn?mid=etc&sid1=111&rankingType=popular_day&oid=421&aid=0001455481&date=20150606&type=1&rankingSectionId=104&rankingSeq=4	미국 인사관리처(OPM) 전산망 해킹으로 유출된 정보에 30년 전 기밀문서의 열람 허가 정보가 포함된 것으로 5일(현지시간) 밝혀졌다.			
http://news.naver.com/main/ranking/read.nhn?mid=etc&sid1=111&rankingType=popular_day&oid=016&aid=0000749784&date=20150606&type=1&rankingSectionId=104&rankingSeq=5	은퇴세대의 연금을 놓고 일본에서도 세대간 갈등골이 깊어지고 있다.			
http://news.naver.com/main/ranking/read.nhn?mid=etc&sid1=111&rankingType=popular_day&oid=001&aid=0007642845&date=20150606&type=1&rankingSectionId=104&rankingSeq=8	호주의 담배 소비가 꾸준한 세금 인상과 엄격한 담배 포장 규정 덕에 지속적으로 크게 줄면서 사상 최저 수준을 이어가고 있다.			
http://news.naver.com/main/ranking/read.nhn?mid=etc&sid1=111&rankingType=popular_day&oid=001&aid=0007642976&date=20150606&type=1&rankingSectionId=104&rankingSeq=6	중국 관영 신화통신은 침몰사고 발생 엿새째인 6일 중국당국이 침몰선 내부 수색작업을 벌인 뒤 이번 사고로 인한 사망자가 396명, 실종자가 46명이라고 밝혔다고 전했다.	중국 당국이 양쯔(揚子)강에서 침몰한 '둥팡즈싱'(東方之星)호의 사망·실종자가 422명이라고 공식 확인했다.		
http://news.naver.com/main/ranking/read.nhn?mid=etc&sid1=111&rankingType=popular_day&oid=001&aid=0007643072&date=20150606&type=1&rankingSectionId=104&rankingSeq=7	6일 중국 신경보(新京報)에 따르면 수도권인 베이징(北京), 톈진(天津), 허베이(河北) 등 3지역 당안국(기록보관소)은 항일전쟁 승리 70주년을 기념하는 공동 당안(사료)문헌 전시회를 통해 미공개 사료들을 처음으로 공개한다.	중국이 제2차 세계대전 및 항일전쟁 승리 70주년을 맞아 일제의 만행이 담긴 새로운 사료 38종을 추가로 공개했다.		
http://news.naver.com/main/ranking/read.nhn?mid=etc&sid1=111&rankingType=popular_day&oid=001&aid=0007642893&date=20150606&type=1&rankingSectionId=104&rankingSeq=10	중국 양쯔(揚子)강 '둥팡즈싱'(東方之星)호 침몰사고 발생 엿새째인 6일 중국당국은 강 위로 끌어올린 선박 내부에 대한 최후 수색을 벌였다.			
http://news.naver.com/main/ranking/read.nhn?mid=etc&sid1=111&rankingType=popular_day&oid=003&aid=0006564604&date=20150606&type=1&rankingSectionId=104&rankingSeq=11	중국 후베이(湖北)성 젠리(監利)현 부근 양쯔강에서 발생한 유람선 둥팡즈싱(東方之星·동방의 별)호 침몰사고 사망자가 6일(현지시간) 396명으로 크게 늘었다.			
http://news.naver.com/main/ranking/read.nhn?mid=etc&sid1=111&rankingType=popular_day&oid=421&aid=0001455544&date=20150606&type=1&rankingSectionId=104&rankingSeq=12	지난 5일 말레이시아 보르네오섬 사바주 키나발루산 인근에서 발생한 지진으로 최소 11명의 사망자가 발생했으며 8명은 아직 실종상태라고 AFP통신이 6일(현지시간) 보도했다.			
http://news.naver.com/main/ranking/read.nhn?mid=etc&sid1=111&rankingType=popular_day&oid=001&aid=0007643010&date=20150606&type=1&rankingSectionId=104&rankingSeq=13	사우디아라비아군은 6일(현지시간) 새벽 2시45분께 예멘 시아파 반군이 국경 근처에서 발사한 스커드 미사일 1기를 요격했다고 밝혔다.			
http://news.naver.com/main/ranking/read.nhn?mid=etc&sid1=111&rankingType=popular_day&oid=001&aid=0007643240&date=20150606&type=1&rankingSectionId=104&rankingSeq=14	아베 신조(安倍晋三) 일본 총리는 6일(현지시간) 페트로 포로셴코 우크라이나 대통령을 만나 적극적인 지원을 약속했다고 AP 통신 등이 보도했다.			
http://news.naver.com/main/ranking/read.nhn?mid=etc&sid1=111&rankingType=popular_day&oid=081&aid=0002565114&date=20150606&type=1&rankingSectionId=104&rankingSeq=16	미국 플로리다 주에 살고 있는 소년 크리스찬은 지난달 20일 미국 ‘모발 없는 아이들’ 재단에 2년여에 걸쳐 기른 자신의 머리카락을 전부 기증했다.			
http://news.naver.com/main/ranking/read.nhn?mid=etc&sid1=111&rankingType=popular_day&oid=001&aid=0007643082&date=20150606&type=1&rankingSectionId=104&rankingSeq=15	데이비드 후이(許樹昌) 홍콩중문대 내과·약물치료학부 교수는 6일 연합뉴스와 한 인터뷰에서 메르스(중동호흡기증후군) 확산을 막기 위한 한국 정부의 노력이 진전을 보이고 있다고 평가했다.			
http://news.naver.com/main/ranking/read.nhn?mid=etc&sid1=111&rankingType=popular_day&oid=001&aid=0007643064&date=20150606&type=1&rankingSectionId=104&rankingSeq=17	블라디미르 푸틴 러시아 대통령이 나토(북대서양조약기구)와의 무력충돌 가능성을 일축하고 우크라이나 사태 책임이 서방에 있다는 기존입장을 고수했다.			
http://news.naver.com/main/ranking/read.nhn?mid=etc&sid1=111&rankingType=popular_day&oid=022&aid=0002847953&date=20150606&type=1&rankingSectionId=104&rankingSeq=18	최근 미국 WMUR TV는 고3학생들이 교장 선생님 수술비 마련을 위해 졸업여행 포기했다며, 학생들의 따뜻한 마음에 교장 선생님은 감동에 눈물을 흘렸다고 보도했다.			
http://news.naver.com/main/ranking/read.nhn?mid=etc&sid1=111&rankingType=popular_day&oid=001&aid=0007642404&date=20150606&type=0&rankingSectionId=104&rankingSeq=30	시리아인권관측소(SOHR)는 5일(현지시간) IS가 하사케 주도인 하사케시 남부에서 IS와 정부군이 1주일째 교전을 벌이고 있다고 밝혔다.			
http://sports.news.naver.com/sports/index.nhn?ctg=ranking_news&mod=read&ranking_type=popular_day&date=20150606&office_id=109&article_id=0003084725	한화는 6일 대전 한화생명이글스파크에서 열린 2015 타이어뱅크 KBO리그 kt와 홈경기에서 6-4로 역전승했다.			
http://sports.news.naver.com/sports/index.nhn?ctg=ranking_news&mod=read&ranking_type=popular_day&date=20150606&office_id=410&article_id=0000247552	이대호는 6일 일본 도쿄도 분쿄구 도쿄돔에서 열린 2015 일본프로야구 요미우리 자이언츠와의 교류전에 5번타자 1루수로 선발 출장, 3타수 1안타 1볼넷을 기록했다.			
http://sports.news.naver.com/sports/index.nhn?ctg=ranking_news&mod=read&ranking_type=popular_day&date=20150606&office_id=108&article_id=0002424572	넥센 히어로즈는 6일 오후 서울 목동구장에서 열린 두산 베어스와의 '2015 KBO리그' 홈경기에서 연장 혈투 끝에 9-8 끝내기 승리를 거뒀다.			
http://sports.news.naver.com/sports/index.nhn?ctg=ranking_news&mod=read&ranking_type=popular_day&date=20150606&office_id=413&article_id=0000018585	서울은 6일 오후 7시 전주월드컵경기장에서 치러진 전북과의 현대오일뱅크 K리그 클래식 2015 15라운드 경기에서 2-1로 승리했다.			
http://sports.news.naver.com/sports/index.nhn?ctg=ranking_news&mod=read&ranking_type=popular_day&date=20150606&office_id=108&article_id=0002424552	KIA는 6일 부산 사직구장서 열린 '2015 타이어뱅크 KBO리그' 롯데와의 원정경기에서 선발 조시 스틴슨의 호투와 결승 솔로 홈런을 때려낸 김주찬의 활약을 앞세워 2-1 신승을 거뒀다.	KIA 타이거즈가 롯데 자이언츠를 잡고 2연승을 달성하는데 성공했다.		
http://sports.news.naver.com/sports/index.nhn?ctg=ranking_news&mod=read&ranking_type=popular_day&date=20150606&office_id=410&article_id=0000247553	지네딘 지단(43·프랑스) 레알 마드리드 카스티야 감독이 2014-15 유럽축구연맹(UEFA) 챔피언스리그 결승전에서 유벤투스 FC를 성원하겠다는 뜻을 밝혔다.			
http://sports.news.naver.com/sports/index.nhn?ctg=ranking_news&mod=read&ranking_type=popular_day&date=20150606&office_id=410&article_id=0000247399	‘고시엔 끝판왕’ 오승환(33·한신)이 2경기 연속으로 세이브를 올리며 시즌 16세이브를 거뒀다.			
http://sports.news.naver.com/sports/index.nhn?ctg=ranking_news&mod=read&ranking_type=popular_day&date=20150606&office_id=311&article_id=0000480518	송창식은 6일 대전 한화생명이글스파크에서 열린 2015 타이어뱅크 KBO리그 kt wiz와의 시즌 8차전에서 두번째 투수로 등판했다.			
http://sports.news.naver.com/sports/index.nhn?ctg=ranking_news&mod=read&ranking_type=popular_day&date=20150606&office_id=109&article_id=0003084361	맨체스터 유나이티드(이하 맨유)가 카림 벤제마(28, 레알 마드리드)의 영입을 추진하고 있다.			
http://sports.news.naver.com/sports/index.nhn?ctg=ranking_news&mod=read&ranking_type=popular_day&date=20150606&office_id=117&article_id=0002616772	넥센 에이스 밴헤켄이 올 시즌 최악의 피칭을 선보였다.			
http://sports.news.naver.com/sports/index.nhn?ctg=ranking_news&mod=read&ranking_type=popular_day&date=20150606&office_id=413&article_id=0000018582	영국 언론 ‘스카이 스포츠’는 6일(한국시간) “에브라가 UEFA 챔피언스리그(UCL) 결승전을 앞두고 수아레스와 악수를 할 것이라고 말했다”고 보도했다.	파트리스 에브라(34, 유벤투스)가 루이스 수아레스(28, 바르셀로나)와 악수를 나눌 것이라고 밝혔다.		
http://news.naver.com/main/ranking/read.nhn?mid=etc&sid1=111&rankingType=popular_day&oid=081&aid=0002564414&date=20150606&type=1&rankingSectionId=105&rankingSeq=2	영국 일간지 데일리메일이 미국 군사과학전문매체 ‘디펜스 원’의 보도를 인용해 미 특수부대가 초소형 드론 ‘블랙 호넷’(PD-100)을 테스트하고 있다고 1일(현지시간) 보도했다.			
http://news.naver.com/main/ranking/read.nhn?mid=etc&sid1=111&rankingType=popular_day&oid=109&aid=0003084388&date=20150606&type=1&rankingSectionId=105&rankingSeq=4	아직까지 주류는 2.5형 이하 HDD가 내장된 외장 HDD지만 최근에는 외장SSD가 속속 출시되면서 소비자들의 관심을 얻고 있다.			
http://news.naver.com/main/ranking/read.nhn?mid=etc&sid1=111&rankingType=popular_day&oid=081&aid=0002565152&date=20150606&type=1&rankingSectionId=105&rankingSeq=5	과학자들이 특정 단어에 대한 뇌 반응에는 개인 차이가 있어 비밀번호를 대신할 수 있다는 결과를 발표했다.			
http://news.naver.com/main/ranking/read.nhn?mid=etc&sid1=111&rankingType=popular_day&oid=016&aid=0000749902&date=20150606&type=1&rankingSectionId=105&rankingSeq=7	국내 브랜드가 장악한 스마트폰 시장을 제외하고 액션카메라, 보조배터리, 빔프로젝트, 드론 등 모바일 액세서리와 웨어러블 시장에서 글로벌과 국내 시장을 빠르게 잠식하고 있다.			
http://news.naver.com/main/ranking/read.nhn?mid=etc&sid1=111&rankingType=popular_day&oid=014&aid=0003442372&date=20150606&type=1&rankingSectionId=105&rankingSeq=8	5일(현지시간) 미국 정보기술(IT) 전문매체 GSM아레나는 영국 이동통신사 보다폰이 내부 관계자들에게 이메일로 전달한 신형 아이폰의 출시일을 영국IT매체 모바일뉴스가 보도했다고 전했다.	애플 아이폰6S가 오는 9월 25일 출시될 것이라는 전망이 나왔다.		
http://news.naver.com/main/ranking/read.nhn?mid=etc&sid1=111&rankingType=popular_day&oid=001&aid=0007642491&date=20150606&type=1&rankingSectionId=105&rankingSeq=30	야후의 최고설계책임자 아모츠 마이몬은 검색, 커뮤니케이션, 디지털 콘텐츠 등 핵심 제품군에 집중하기 위해 일부 서비스를 정리한다고 회사 블로그(yahoo.tumblr.com)를 통해 5일(현지시간) 밝혔다.	미국의 인터넷 포털 야후가 야후 지도와 미국 외 지역 서비스 등 사용자들의 호응을 얻지 못하고 있는 서비스와 앱을 대폭 정리하기로 했다.		
http://news.naver.com/main/ranking/read.nhn?mid=etc&sid1=111&rankingType=popular_day&oid=008&aid=0003484323&date=20150606&type=1&rankingSectionId=105&rankingSeq=29	애플이 앱스토어에 '메이드인코리아'라는 특별한 추천페이지를 새로 추가했다			
http://news.naver.com/main/ranking/read.nhn?mid=etc&sid1=111&rankingType=popular_day&oid=277&aid=0003514039&date=20150606&type=1&rankingSectionId=105&rankingSeq=20	화성정찰위성(MRO)이 화성의 시레눔(Sirenum Fossae) 지역에서 지질학적 규모의 '최근 만들어진' 크레이터를 발견해 관심을 모으고 있다.			
http://news.naver.com/main/ranking/read.nhn?mid=etc&sid1=111&rankingType=popular_day&oid=001&aid=0007642610&date=20150606&type=1&rankingSectionId=105&rankingSeq=16	세계 최대 인터넷 기업 구글이 이 회사의 자율주행 자동차(AV)들이 관련된 교통사고 12건의 경위를 5일(현지시간) 공개했다.			
http://news.naver.com/main/ranking/read.nhn?mid=etc&sid1=111&rankingType=popular_day&oid=020&aid=0002803101&date=20150606&type=0&rankingSectionId=105&rankingSeq=18	대체 바이러스는 어디서 어떻게 생겨났을까.			
http://news.naver.com/main/ranking/read.nhn?mid=etc&sid1=111&rankingType=popular_day&oid=092&aid=0002076390&date=20150606&type=1&rankingSectionId=105&rankingSeq=12	마이크로소프트(MS)는 웹기반 스카이프 서비스 베타 버전을 미국과 영국 사용자들에게 공개했다.			
http://news.naver.com/main/ranking/read.nhn?mid=etc&sid1=111&rankingType=popular_day&oid=421&aid=0001455513&date=20150606&type=1&rankingSectionId=101&rankingSeq=8	억만장자 투자자 워런 버핏 버크셔 해서웨이 회장과 점심 한끼를 함께 하며 그의 조언을 들을 수 있는 권리가 올해는 234만5678달러(약 26억원)에 팔렸다.			
http://news.naver.com/main/ranking/read.nhn?mid=etc&sid1=111&rankingType=popular_day&oid=001&aid=0007643028&date=20150606&type=1&rankingSectionId=101&rankingSeq=9	국제통화기금(IMF)이 이슬람 극단주의 무장조직 이슬람국가(IS)와 싸우는 이라크 정부에 8억3천300만 달러(약 9천270억원)를 긴급 지원하기로 했다고 6일(현지시간) 영국 일간지 가디언이 보도했다.			
http://news.naver.com/main/ranking/read.nhn?mid=etc&sid1=111&rankingType=popular_day&oid=421&aid=0001455641&date=20150606&type=1&rankingSectionId=101&rankingSeq=14	지난달 미국의 비농업 부문 신규 고용자수가 28만명을 기록하면서 미 연방준비제도(연준)가 연내에 9년만에 처음으로 기준금리를 인상할 것이란 시장의 관측에 더욱 힘이 실리게 됐다.			
http://news.naver.com/main/ranking/read.nhn?mid=etc&sid1=111&rankingType=popular_day&oid=001&aid=0007642777&date=20150606&type=1&rankingSectionId=101&rankingSeq=19	월마트는 5일(현지시간) 창업주 샘 월튼의 장남인 롭 월튼 회장(70)의 사임을 승인하고 그의 사위인 그레그 페너(45) 부회장을 장으로 선출한다고 발표했다. 월튼 일가는 월마트 주식 가운데 50% 정도를 지배하고 있다.			
http://news.naver.com/main/ranking/read.nhn?mid=etc&sid1=111&rankingType=popular_day&oid=001&aid=0007642544&date=20150606&type=1&rankingSectionId=101&rankingSeq=20	석유수출국기구(OPEC)가 하루 3천만 배럴인 석유 생산량 한도를 그대로 유지하기로 했다고 AP통신 등이 5일(현지시간) 보도했다.			
http://news.naver.com/main/ranking/read.nhn?mid=etc&sid1=111&rankingType=popular_day&oid=079&aid=0002717285&date=20150606&type=0&rankingSectionId=101&rankingSeq=27	이재명 성남시장이 6일 메르스 의심환자의 직장과 거주지를 비롯, 자녀가 다니는 학교를 공개했다.			
http://news.naver.com/main/ranking/read.nhn?mid=etc&sid1=111&rankingType=popular_day&oid=052&aid=0000690278&date=20150606&type=2&rankingSectionId=101&rankingSeq=30	최경환 경제부총리는 최근의 메르스 확산에 대해 아직 우리 경제에 영향을 미치지는 않고 있는 것으로 보고 있다고 말했습니다.			
http://news.naver.com/main/ranking/read.nhn?mid=etc&sid1=111&rankingType=popular_day&oid=001&aid=0007643725&date=20150607&type=1&rankingSectionId=102&rankingSeq=1	최경환 국무총리 직무대행은 이날 오전 정부세종청사에서 긴급회견을 갖고 24곳의 병원 명단을 포함한 메르스 대응 조치를 발표했다.	정부는 7일 중동호흡기증후군(메르스) 확진환자가 발생하거나 경유한 병원의 실명을 공개했다.		
http://news.naver.com/main/ranking/read.nhn?mid=etc&sid1=111&rankingType=popular_day&oid=018&aid=0003272319&date=20150607&type=1&rankingSectionId=102&rankingSeq=2	정부가 7일 발표한 중동호흡기증후군(메르스) 환자 발생 및 경유 병원 명단에 일부 오류가 확인돼 논란이 일고 있다.			
http://news.naver.com/main/ranking/read.nhn?mid=etc&sid1=111&rankingType=popular_day&oid=001&aid=0007643583&date=20150607&type=0&rankingSectionId=102&rankingSeq=10	90대 할아버지가 외출 문제로 다투던 아내를 둔기로 때려 숨지게 한 사건이 벌어졌다.			
http://news.naver.com/main/ranking/read.nhn?mid=etc&sid1=111&rankingType=popular_day&oid=001&aid=0007643579&date=20150607&type=1&rankingSectionId=102&rankingSeq=18	메르스(중동호흡기증후군) 확산에 애꿎은 낙타들이 갖은 고초를 겪고 있다.			
http://news.naver.com/main/ranking/read.nhn?mid=etc&sid1=111&rankingType=popular_day&oid=008&aid=0003484469&date=20150607&type=1&rankingSectionId=102&rankingSeq=19	지난달 제기됐던 서울대의 집단 커닝 의혹이 학내 자체 조사 결과 사실로 드러났다.			
http://news.naver.com/main/ranking/read.nhn?mid=etc&sid1=111&rankingType=popular_day&oid=001&aid=0007643916&date=20150607&type=1&rankingSectionId=102&rankingSeq=22	전남 여수 출신으로 미국 유학 중인 여고생이 월마트 점원으로 일하면서도 하버드대학교에 전액 장학생으로 합격해 화제다.			
http://news.naver.com/main/ranking/read.nhn?mid=etc&sid1=111&rankingType=popular_day&oid=001&aid=0007643432&date=20150607&type=1&rankingSectionId=102&rankingSeq=29	술에 취한 상태에서 엔진 시동이 꺼진 오토바이를 타고 내리막을 내려온 행위는 법적인 '운전'이 아니어서 음주운전으로 단속할 수 없다는 법원 판결이 나왔다.			
http://news.naver.com/main/ranking/read.nhn?mid=etc&sid1=111&rankingType=popular_day&oid=001&aid=0007643776&date=20150607&type=1&rankingSectionId=102&rankingSeq=13	지금까지 17명에 이르는 중동호흡기증후군(메르스) 감염자가 발생한 삼성서울병원은 이 병원에서 14번 환자로부터 메르스에 노출된 인원을 893명으로 파악하고 즉시 통보 후 격리조치했다고 7일 밝혔다.			
http://news.naver.com/main/ranking/read.nhn?mid=etc&sid1=111&rankingType=popular_day&oid=018&aid=0003272292&date=20150607&type=1&rankingSectionId=102&rankingSeq=23	최경환 국무총리 직무대행 겸 기획재정부 장관과 문형표 보건복지부장관은 정부세종청사에서 7일 중동호흡기증후군(MERS·메르스) 환자 발생·경유 병원 명단을 공개하며 긴급브리핑을 열었다.			
http://news.naver.com/main/ranking/read.nhn?mid=etc&sid1=111&rankingType=popular_day&oid=001&aid=0007643779&date=20150607&type=0&rankingSectionId=102&rankingSeq=27	인천시는 "이날 오전까지 다른 지역의 병상 부족으로 지난 1일 인천 모 의료기관으로 이송된 확진 환자 1명 이외에 지역사회에서 나온 확진 환자는 없다"고 밝혔다.	인천에서 7일 현재 중동호흡기증후군(메르스) 양성반응자와 확진 환자는 발생하지 않은 것으로 확인됐다.		
http://biz.heraldcorp.com/view.php?ud=20140517000004	16일 방송된 채널A ‘이영돈PD의 먹거리 X파일’에서는 디저트시장에서 돌풍을 일으키고 있는 벌집아이스크림에 대한 제보를 받고 추적에 나섰다. 제작진은 시중에 판매되는 벌집아이스크림을 무작위로 구매, 확인에 들어갔다.	일부 벌집 아이스크림에 올라가는 벌집이 파라핀인 것으로 알려져 충격을 자아냈다.		
http://nownews.seoul.co.kr/news/newsView.php?id=20140516601002	아르헨티나 지방 산티아고델에스테로의 에라라라는 곳에서 코키리를 닮은 돼지새끼들이 한꺼번에 4마리나 태어났다.			
http://www.daejonilbo.com/news/newsitem.asp?pk_no=1117887	나이지리아 여학생을 집단 납치한 이슬람 무장단체 보코하람의 조직원 200여명이 주민들의 반격을 받아 사망하는 사건이 발생했다.			
http://www.daejonilbo.com/news/newsitem.asp?pk_no=1117892	터키 탄광사고가 발생한 지 4일째 접어든 가운데 총리 보좌관인 유수프 예르켈이 시위대를 폭행하는 사건이 일어났다.			
http://www.newstomato.com/ReadNews.aspx?no=469048	KBS노조가 지난 2일 발생한 지하철 2호선 추돌 사고를 윗선의 개입으로 뉴스 비중을 높이고, 박원순 서울시장에게 불리하도록 보도했다고 주장한 것과 관련해, 박원순 후보 측은 "충격적이고 개탄스럽다"고 성토했다.			
http://www.segye.com/content/html/2014/05/16/20140516003808.html	학생들을 구하기 위해 침몰하는 배 안으로 다시 들어갔다가 숨진 세월호 사무장 양대홍(45)씨의 시신이 사고 한 달 하루 만인 16일 가족 품에 안겼다.			
http://tvdaily.asiae.co.kr/read.php3?aid=1400149659698104002	15일 오후 방송된 KBS2 '생생정보통'에서는 현대인들이 쉽게 즐겨 먹는 즉석식품의 비밀이 공개됐다.			
http://news.mk.co.kr/newsRead.php?year=2014&no=751788	14일 청주 흥덕경찰서에 따르면 전날 오후 3시쯤 청주시 흥덕구 휴암동 흥덕지구 축구공원 건설공사 현장에서 공사 현장소장 조 모씨 등 현장 근로자들이 굴착기로 흙을 파내던 중 유골을 발견해 경찰에 신고했다.	충북 청주의 한 축구공원 건설공사 현장에서 유골이 무더기로 발견돼 경찰이 수사에 나섰다.		
http://nownews.seoul.co.kr/news/newsView.php?id=20140515601004	미국 노스캐롤라이나주(州)에 거주하는 이들 형제들은 여동생이 4살 때부터 14세가 될 때까지 수시로 성폭행을 자행했으며 이들 형제의 부모는 이러한 사실을 알고도 방치한 사실이 밝혀져 함께 체포되어 충격을 더하고 있다.	미국에서 여섯 형제가 자신들의 어린 동생을 10년간이나 집단으로 성폭행한 것으로 밝혀져 충격을 주고 있다고 현지 언론들이 14일(현지시각) 보도했다.		
http://sports.hankooki.com/lpage/entv/201405/sp2014051316205894350.htm	세모그룹 유병언 전 회장의 최측근인 배우 전양자가 구원파의 핵심 인물로 알려진 가운데 그녀를 구원파로 이끈 인물이 배우 윤소정으로 알려졌다.	12일 방송된 MBC '리얼스토리 눈'은 청해진해운 유병언 전 회장의 측근 전양자에 대한 이야기가 그려졌다.		
http://biz.heraldcorp.com/view.php?ud=20140514000691	국제 인권 단체 휴먼라이츠워치(HRW)가 미국 내 4개주 담배 농장 등을 중심으로 7~17세 근로자 141명을 인터뷰한 결과 이들에 대한 복지 및 인권문제가 드러났다고 영국 파이낸셜타임스(FT)가 13일(현지시간) 보도했다.	아프리카나 동남아 후진국에서 볼 법한 아동 인권 학대 문제가 미국에서 불거져 논란이 일고 있다.		
http://sports.hankooki.com/lpage/entv/201405/sp2014051411030094350.htm	사랑의 교회가 MBC 'PD수첩'의 '법원으로 간 교인들, 사랑의 교회에 무슨 일이?' 편에 대해 반박했다.			
http://biz.heraldcorp.com/view.php?ud=20140514000249	세월호 참사 이후 교사 10명 중 5명은 수업 전후 불안감ㆍ우울증 등의 트라우마 증상을 경험했다는 조사결과가 나왔다.			
http://www.daejonilbo.com/news/newsitem.asp?pk_no=1117304	이는 여학생들을 납치한 후 29일 만이다. 이들은 수감된 반군과의 맞교환을 요구했지만 나이지리아 정부는 즉각 거부한 것으로 전해졌다.			
http://www.dailian.co.kr/news/view/437191	내달 개봉 예정인 영화 '스튜던트 서비스'는 학비와 생활비를 감당하지 못해 힘들어하다 성매매를 선택하게 된 19세 여대생 로라의 실화를 바탕으로 한 작품이다.	프랑스를 충격에 빠뜨린 여대생 인터넷 매춘 사건을 다룬 영화 '스튜던트 서비스'가 메인 포스터를 공개했다.		
http://www.munhwa.com/news/view.html?no=2014051301031824183002	13일 미국 뉴욕타임스(NYT)는 이 회장의 건강 악화 소식을 비중 있게 전하면서도 “그의 건강 악화가 삼성에 미치는 영향은 그리 크지 않을 것으로 보인다”고 분석했다.	외신과 국내외 투자전문가들은 이건희 삼성전자 회장의 ‘건강 리스크’가 삼성 경영에 큰 충격을 주지 않을 것으로 내다보고 있다.		
http://news.khan.co.kr/kh_news/khan_art_view.html?artid=201405121707251	하태경 새누리당 의원(사진)은 12일 김민석 국방부 대변인이 “북한은 빨리 없어져야 할 나라”라고 비난한 것과 관련, “이런 무책임한 대변인은 즉각 사임시켜야 한다”고 주장했다.			
http://stv.seoul.co.kr/news/newsView.php?id=20140512500060	9일 미국에서 열기구를 타던 두 명의 여성과 조종사 등 3명이 열기구에 불이 붙으면서 추락해 사망하는 충격적인 사고가 발생했다고 영국의 데일리메일이 10일 보도했다.			
http://news1.kr/articles/?1670839	서울남부지법 제2민사부(부장판사 장진훈)는 자동차를 산 뒤 40일쯤부터 나타난 결함으로 피해를 봤다며 김모(60)씨가 B사를 상대로 낸 매매대금반환 소송 항소심에서 원고 일부승소 판결한 원심을 깨고 원고 패소 판결했다고 12일 밝혔다.			
http://www.wowtv.co.kr/newscenter/news/view.asp?bcode=T32001000&wowcode=W014&artid=X20140510081739&compcode=HK	지난 9일 방송된 채널A '먹거리 X파일'에서는 육개장을 파는 식당의 일부를 찾아가 진한 육개장의 실체를 공개했다.			
http://www.sportsseoul.com/?c=v&m=n&i=69674	7일 MBC ‘불만제로 UP’ 프로그램에서 실험한 결과에 따르면 시중 유통되고 있는 72개 도자기에서 납이 검출됐으며 특히 한국도자기의 도자기에서 다량의 납이 검출돼 검출율 1위를 차지했다고 밝혔다.			
http://news.naver.com/main/read.nhn?oid=014&sid1=102&aid=0003442653&mid=shm&mode=LSD&nh=20150607165917	중동호흡기증후군(메르스) 확산 차단을 위해 서울과 경기교육청이 유치원·학교에 대한 강제 휴업명령에 들어갔다.			
http://news.donga.com/3/all/20150606/71671335/1	국내 첫 메르스 환자의 부인인 두 번째 확진자 A 씨(63·여)가 5일 채널A와의 전화 인터뷰에서 처음으로 입을 열었다.	A 씨는 “(사태가) 이렇게 확대되리라고는 생각하지 못했다. 바로 잠잠해지고 치료가 될 줄 알았다”고 털어놨다.		
http://isplus.joins.com/article/889/17970889.html?cloc=isplus|home|top	몰카범죄가 급증하면서 그 심각성을 날로 더해가고 있는 가운데 경악을 금치 못하는 몰카사진들이 유출돼 SNS를 통해 빠르게 전파되고 있다.	바로 첨단 투시카메라를 이용해 여자 운동선수들의 속옷을 촬영한 사진들이 그것이다.		
http://isplus.joins.com/article/053/17973053.html?cloc=isplus|home|newslist1	롯데 출신 대스타 이대호 때문이다.	이대호는 다소 퉁명스런 어투로 "롯데에서 저를 신경도 안 쓰고 있지 않습니다"고 답했다.	이창원(56) 롯데 대표가 구단 직원들을 질책했다.	
http://isplus.joins.com/article/568/17972568.html?cloc=isplus|home|newslist1	송은범(31·한화)이 7일 대전 kt전에 앞서 1군 말소됐다.			
http://isplus.joins.com/article/435/17970435.html?cloc=isplus|home|newslist1	저렇게 알콩달콩 애정 표현 할대로 다 해놓고, 몇달 후면 하차를 발표하고 또 몇달 후면 "연락 안해요" 등의 인터뷰가 뜨는 건 아무리 반복돼도 적응하기 어렵다.			
http://isplus.live.joins.com/news/article/article.asp?total_id=17970841&cloc=isplus|ent|sonagi	러시아 출신 모델 타티야나 베료브키나가 해변에서 우월한 몸매를 뽐냈다.			
http://www.ytn.co.kr/_ln/0103_201405192003585678	박근혜 대통령의 해경 해체 선언에 해경 시험을 준비하던 학생들이 큰 혼란에 빠졌습니다.			
http://www.yonhapnews.co.kr/it/2015/06/05/2401000000AKR20150605163500017.HTML	국내외 주요 포털업체들이 모바일 검색 시스템에서 콘텐츠 추천 기능을 강화하고 있다.			
http://www.yonhapnews.co.kr/international/2015/06/07/0606000000AKR20150607036900009.HTML?template=7722	윌리엄 영국 왕세손 부부의 아들 조지 왕자가 지난달 태어난 동생 샬럿 공주를 안고 있는 사랑스러운 사진이 6일(현지시간) 공개됐다.			
http://www.yonhapnews.co.kr/entertainment/2015/06/06/1101000000AKR20150606033100005.HTML	여성 싱어송라이터 박새별(30)이 1년 6개월 만의 신곡 '스카이 하이'(SKY HIGH)를 발표했다고 소속사 안테나뮤직이 7일 밝혔다.			
http://www.yonhapnews.co.kr/society/2015/06/06/0701000000AKR20150606062700061.HTML?template=7255	이재명 성남시장이 메르스 1차 양성 판정을 받은 의심환자의 직장과 거주지, 자녀가 다니는 학교 실명을 6일 공개했다.			
http://www.yonhapnews.co.kr/entertainment/2015/06/05/1101000000AKR20150605179000033.HTML	KBS 2TV 토크쇼 '안녕하세요'는 8일 밤 11시10분 '소방관 고민 특집'을 방송한다.			
http://www.yonhapnews.co.kr/entertainment/2015/06/05/1101000000AKR20150605126000033.HTML	최근 종영한 SBS TV 드라마 '냄새를 보는 소녀'(이하 냄보소)에서 주인공 최무각(박유천 분)과 오초림(신세경) 이상의 화제를 몰고 다닌 인물이 바로 권재희다.	남궁민 또한 "권재희가 왜 살인을 저질렀는지, 왜 그런 악한 마음을 갖게 됐는지 자기 이야기를 꼭 한 번 할 줄 알았는데, 끝내 못한 점이 못내 아쉽다"고 털어놓았다.		
http://www.yonhapnews.co.kr/bulletin/2015/06/07/0200000000AKR20150607063700001.HTML	조성흠 기자 = 황교안 국무총리 후보자는 7일 입법 취지에 맞지 않는 시행령에 대해 수정을 요구할 수 있도록 한 국회법 개정안에 대해 위헌 소지가 있다고 밝혔다.	황 후보자는 이날 국회 인사청문특위에 제출한 서면답변서에서 "헌법상 삼권분립 원칙의 취지를 감안할 때 국회에 시행령 등에 대한 시정요구권을 부여하는 것은 위헌 소지가 있을 수 있으므로 신중하게 검토할 필요가 있다"고 말했다.		
http://www.yonhapnews.co.kr/bulletin/2015/06/07/0200000000AKR20150607043451017.HTML	보건복지부와 서울시, 경기도, 충청남도, 대전광역시 등 4개 지자체가 중앙정부와 지자체간 중동호흡기증후군(메르스) 대응을 위한 실무협의체를 구성하기로 했다.	정부와 지자체는 또 메르스 의심환자에 대한 유전자 검사를 통해 확진 판정을 할 수 있는 권한을 각 지자체의 보건환경연구원에 부여하기로 했다.		
http://www.segye.com/content/html/2014/05/16/20140516000804.html	미국 뉴욕데일리뉴스 등 현지 매체는 한 지역방송의 기사를 인용해 30대 여성이 10대 행세를 하다 경찰에 잡혔다고 지난 15일(현지시각) 보도했다.			
http://isplus.live.joins.com/news/article/article.asp?total_id=14696344	5월15일 방송된 MBC 수목드라마 '개과천선'(극본 최희라/연출 박재범 오현종) 6회에서 검사 이선희(김서형 분)는 기억상실증에 걸린 김석주(김명민 분)가 달라진 모습을 보이자 잠시 멘탈붕괴에 빠진 모습을 보였다.			
http://news1.kr/articles/?1673109	드라마 '닥터이방인'에 배우 진세연이 남한 의사로 재등장했다.			
http://www.asiatoday.co.kr/view.php?key=20140501001115403	서장훈이 이하늬의 털털함에 당황했던 사연을 공개했다.			
http://www.asiatoday.co.kr/view.php?key=20150607010004389	금융당국이 ‘대포통장’으로 악용되는 것을 막기 위해 휴면 소액계좌 9100만 개의 거래중지를 추진한다.			
http://www.asiatoday.co.kr/view.php?key=20150607010004166&ref=view_topnews	1. 코코넛 연유을 넣은 베트남식 커피	2. 블랙베리 아이스커피	3. 라벤더 아이스커피	
http://www.asiatoday.co.kr/view.php?key=20150607010004490&ref=view_topnews	아시아투데이 최태범 기자 = 탈북자들이 빠르면 다음달부터 북한 이탈주민 정착지원 사무소(하나원)에서 산부인과 진료를 받을 수 있게 된다.			
http://www.asiatoday.co.kr/view.php?key=20150606010004082&ref=view_topnews	1. 바람을 가르는 속도를 즐기고 싶다면, 로드 자전거	2. 집 앞 공원에서 자전거로 산책을 하고 싶다면, 미니벨로 자전거	3. 익스트림 스포츠의 짜릿함을 느끼고 싶다면, 산악 자전거	4. 바쁜 출퇴근 시간 건강도 환경도 챙기고 싶다면, 전기 자전거
http://www.asiatoday.co.kr/view.php?key=20150607010004128&ref=view_topnews	메르스 공포’에 마스크와 손세정제의 인기가 치솟으면서 연인 품절사태가 빚어지고 있다	상황이 이렇다보니 온라인에서는 각종 자구책으로 손세정제를 집에서 직접 만드는 방법이 속속 올라오고 있다	온라인 커뮤니티게시판 ‘뽐뿌’의 닉네임 ‘비창9’도 ‘메르스게시판’에 손세정제 만드는 방법을 올려 큰 호응을 얻고 있다.	
http://www.asiatoday.co.kr/view.php?key=20150607010004486&ref=view_topnews	우리 군의 중동호흡기증후군(메르스) 확진 환자는 7일 현재 공군 A 원사 1명으로 확인됐다.			
http://www.asiatoday.co.kr/view.php?key=20150607010004496&ref=view_topnews	가지(4월~8월)	매실(5월~6월)	장어(5월~6월)	
http://www.asiatoday.co.kr/view.php?key=20150606010004115&ref=view_topnews	대한민국 기업의 특징이라고 꼽히는 ‘총수’ 중심의 경영스타일은 짧은 시간에 국내 기업을 글로벌 기업으로 성장시키는 힘이 됐던 것이 사실이다.	이런 장점은 때로는 한 기업의 가장 큰 리스크가 되기도 한다		
http://www.asiatoday.co.kr/view.php?key=20150607010004510&ref=view_topnews	김무성 새누리당 대표와 문재인 새정치민주연합 대표는 7일 오전 국회에서 4+4 긴급 회동을 열고 “메르스 확산 방지와 국민 불안 해소를 위해 여야는 초당적으로 협력한다”는 여야 합의를 도출했다.			
http://www.asiatoday.co.kr/view.php?key=20150607010004212&ref=view_topnews	증권사들이 중동호흡기증후군(메르스)·엔저·그리스 디폴트(채무불이행)를 반영해 목표주가를 잇따라 하향조정하고 있다.			
http://www.asiatoday.co.kr/view.php?key=20150607010004265&ref=view_topnews	은행들이 임금피크제와 희망퇴직제를 활용해 적극적인 인력구조 개편에 나서고 있다.	고질적인 ‘항아리형 인력 구조’를 개선하기 위해서다.		
http://www.asiatoday.co.kr/view.php?key=20150607010004273&ref=view_topnews	악명 높은 신도림역의 혼잡을 줄이기 위해 만들었지만, 정작 출퇴근 시간 신도림역 선상역사를 이용하는 사람은 적기만 합니다.			
http://www.asiatoday.co.kr/view.php?key=20150607010004186&ref=view_topnews	삼성물산 주가가 지분 경쟁에 대한 기대로 이틀 만에 20%가량 급등하며 엘리엇의 평가차익은 1457억원에 달한다.			
http://www.asiatoday.co.kr/view.php?key=20150607010004403&ref=view_topnews	전문가들은 “같은 면적이라도 좀 더 넓은 공간을 활용할 수 있는 아파트로 수요자들이 몰리고 있어 알파룸 등을 도입한 특화 평면 아파트의 인기도 계속될 것”이라고 전망했다			
http://www.asiatoday.co.kr/view.php?key=20150607010004472&ref=view_topnews	한국토지주택공사(LH)는 고양지축 공공주택지구 내 공동주택용지 2필지를 공급한다고 7일 밝혔다.			
http://www.asiatoday.co.kr/view.php?key=20150607010004492&ref=view_topnews	정부가 7일 중동호흡기증후군(메르스) 환자가 발생했거나 다녀간 병원 모두를 공개하는 ‘강수’를 뒀다.			
http://www.asiatoday.co.kr/view.php?key=20150607010004504&ref=view_topnews	중동호흡기증후군(메르스) 확산 여파에도 전국적으로 휴업에 들어간 학교 숫자가 감소한 것으로 나타났다.	7일 교육부에 따르면 이날 오후 3시 기준으로 전국 휴업 학교 수는 유치원 436곳, 초등학교 620곳, 중학교 145곳, 고등학교 43곳, 특수학교 17곳, 대학교 11곳 등 1276곳으로 집계됐다.		
http://www.asiatoday.co.kr/view.php?key=20150607010004283&ref=view_topnews	서울 성동구(구청장 정원오)는 중동호흡기증후군(메르스)의 확산 방지를 위해 24시간 상담전화 창구를 운영하고 있다고 7일 밝혔다.			
http://www.asiatoday.co.kr/view.php?key=20150607010004415&ref=view_topnews	7일 경기 안성시가 중동호흡기중후군 확산방지 및 방역활동을 최우선 시정 과제로 삼고 연일 구슬땀을 흘리고 있다.			
http://www.asiatoday.co.kr/view.php?key=20150607010004435&ref=view_topnews	중동호흡기증후군(메르스) 2차 유행 진원지로 꼽힌 삼성서울병원은 최초 전파자와 접촉해 현재 격리된 사람이 890여명에 달한다고 7일 밝혔다.			
http://www.asiatoday.co.kr/view.php?key=20150607010004512&ref=view_topnews	서울시교육청은 강남구와 서초구에 있는 유치원·초등학교가 8일부터 사흘간 일괄 휴업하기로 했다고 7일 밝혔다.			
http://www.asiatoday.co.kr/view.php?key=20150607001308173&ref=view_topnews	‘일밤- 복면가왕’이 매 회 한층 업그레이드된 놀라운 무대를 선보여 화제다.			
http://www.asiatoday.co.kr/view.php?key=20150607001125232&ref=view_topnews	6일 방송된 SBS ‘동상이몽, 괜찮아 괜찮아(이하 ‘동상이몽’)’ 7회에서는 17세 딸과 64세 엄마가 주인공으로 등장, 47세 터울 ‘모녀(母女)’가 겪는 냉탕과 온탕을 오가는 갈등이 담겨졌고, 방송 직후 온라인 사이트에 천개가 넘는 댓글이 달리는 등 시청자들의 폭발적인 반응을 얻었다.			
http://www.asiatoday.co.kr/view.php?key=20150606001056319&ref=view_topnews	KBS 월화드라마 '후아유-학교2015'(극본 김민정 임예진, 연출 백상훈 김성윤)에서 솔직당당 의리녀 차송주로 열연 중인 배우 김희정의 비하인드 사진이 공개됐다.			
http://www.asiatoday.co.kr/view.php?key=20150607001326435&ref=view_topnews	편견을 깬 진짜 음악대결이 펼쳐지고 있는 미스테리 음악쇼 MBC ‘일밤- 복면가왕’에서는 매회 예상치 못한 가요계 거장들이 등장해 화제다.			
http://www.asiatoday.co.kr/view.php?key=20150607001618573&ref=view_topnews	힙합 걸그룹 에이코어 블랙(A.KOR BLACK)이 ‘인기가요’에서 화려한 퍼포먼스를 선보였다.			
http://www.asiatoday.co.kr/view.php?key=20150607000919402&ref=view_topnews	‘복면검사’ 출연 배우들의 열정적이면서도 유쾌한 촬영 현장이 공개됐다.			
http://news.naver.com/main/read.nhn?mode=LSD&mid=shm&sid1=104&oid=421&aid=0001456255	한국 내에서 메르스가 확산됨에 따라 홍콩 내에서 한국 여행을 제한해야 한다는 목소리가 커지고 있다.			
http://news.naver.com/main/read.nhn?mode=LSD&mid=shm&sid1=104&oid=001&aid=0007643479	최근 한국에서 중동호흡기증후군(메르스)이 급속 확산하자 대만 보건당국이 모의 방역훈련을 실시하는 등 바짝 긴장하고 있다.			
http://news.naver.com/main/read.nhn?mode=LSD&mid=shm&sid1=104&oid=001&aid=0007643785	중동호흡기증후군(메르스)이 한국에서 유독 기승을 부리는 까닭을 두고 학자들이 가설을 내놓기 시작했다.			
http://news.naver.com/main/read.nhn?mode=LSD&mid=shm&sid1=104&oid=421&aid=0001456241	한국 정부에 중동호흡기증후군(메르스) 발생 의료시설을 공개하라고 요청한 홍콩 당국이 한국 정부가 제공하는 정보의 투명성이 높아졌다고 평가했다.			
http://news.naver.com/main/read.nhn?mode=LSD&mid=shm&sid1=104&oid=008&aid=0003484700	7일(현지시간) 독일 남부 알프스 휴양지 가르미슈파르텐키르헨에서 이틀 일정으로 개막하는 G7(주요 7개국) 정상회의에서 그리스 및 우크라이나 사태가 집중 논의될 전망이라고 월스트리트저널(WSJ)이 이날 보도했다.			
http://news.naver.com/main/read.nhn?mode=LSD&mid=shm&sid1=104&oid=001&aid=0007644614	중국이 양쯔(揚子)강 유람선 침몰사고가 440여 명의 사망·실종자를 낸 '대참사'로 결말이 나자 중국 곳곳에서 추도 물결이 일고 있다.			
http://news.naver.com/main/read.nhn?mode=LSD&mid=shm&sid1=104&oid=052&aid=0000690513	미국 뉴욕 주의 한 교도소에서 살인범 2명이 탈옥했습니다.			
http://news.naver.com/main/read.nhn?mode=LSD&mid=shm&sid1=104&oid=001&aid=0007644658	지난 5일 말레이시아 보르네오섬 사바주 키나발루산에서 발생한 지진으로 인한 사망자 수가 18명으로 늘어났다고 말레이시아 언론과 dpa통신이 7일 보도했다.			
http://news.naver.com/main/read.nhn?mode=LSD&mid=shm&sid1=104&oid=047&aid=0002090042	중국은 매년 6월 7, 8일을 수능일로 고정해 놓았다.			
http://news.naver.com/main/read.nhn?mode=LSD&mid=shm&sid1=104&oid=052&aid=0000690412	15살에 한국전쟁에 참전하게 되면서 고등학교를 졸업하지 못한 미국인 남성이 60여 년이 지나 그 꿈을 이뤘습니다.			
http://news.naver.com/main/read.nhn?mode=LSD&mid=shm&sid1=104&oid=081&aid=0002565114	소아암 환자들에게 모발을 기증하기 위해 무려 2년 동안 주변의 놀림을 참아가며 머리를 기른 8살 소년의 이야기가 감동을 주고 있다.			
http://news.naver.com/main/read.nhn?mode=LSD&mid=shm&sid1=104&oid=052&aid=0000690254	미국에 있는 교회에서는 마약 중독자나 노숙자처럼 사회에서 낙오된 사람들을 특별한 방법으로 치유하고 있습니다.	바로 노래를 통해서인데, 지순한 기자가 전해 드립니다.		
http://news.naver.com/main/read.nhn?mode=LSD&mid=shm&sid1=104&oid=001&aid=0007644542	한 일본인 저널리스트의 열정이 살려낸 일본군 위안부 피해자 할머니들의 목소리가 일본 시민들의 양심을 울렸다.			
http://news.naver.com/main/read.nhn?mode=LSD&mid=shm&sid1=104&oid=001&aid=0007644620	한국에서 중동호흡기증후군(메르스) 확산을 취재하고 귀국한 홍콩 기자 2명이 메르스 검사를 위해 격리조치됐다고 현지 언론 빈과일보가 7일 보도했다.			
http://news.naver.com/main/read.nhn?mode=LSD&mid=shm&sid1=104&oid=014&aid=0003442719	투자의 귀재' 워런 버핏 버크셔 해서에웨이 회장과 점심 기회를 중국의 온라인 게임업체가 잡았다.			
http://news.naver.com/main/read.nhn?mode=LSD&mid=shm&sid1=104&oid=001&aid=0007644318	사고 선박 '블랙박스' 미설치, 실종자 문제, 피해자 가족들의 반응 등이 주요 관심사다.		중국 양쯔(揚子)강 유람선 침몰사고가 440여 명이 사망·실종하는 '대참사'로 결말이 난 가운데 아직도 다양한 과제들이 남아있다.	
http://news.naver.com/main/read.nhn?mode=LSD&mid=shm&sid1=104&oid=001&aid=0007644320	미국 뉴욕 주의 경비가 삼엄한 교도소에서 살인범 2명이 탈옥했다.			
http://news.naver.com/main/read.nhn?mode=LSD&mid=shm&sid1=104&oid=032&aid=0002604564	지난 1일 오후 양쯔(揚子)강 중류지역에서 침몰한 유람선 둥팡즈싱(東方之星)호가 인양된 후 선체에서 400구 이상의 시신이 무더기로 발견됐다.			
http://news.naver.com/main/read.nhn?mode=LSD&mid=shm&sid1=104&oid=009&aid=0003500375	지난 1일 중국 양쯔강에서 침몰한 유람선 '둥팡즈싱'호가 442명의 사망·실종자를 낸 참사로 막을 내렸다.			
http://news.naver.com/main/read.nhn?mode=LSD&mid=shm&sid1=104&oid=001&aid=0007644493	최근 프랑스 베르사유궁에 여성 성기 모양의 미술 작품이 설치돼 논란을 빚고 있다고 현지 라디오 RFI가 7일 보도했다.			
http://news.naver.com/main/read.nhn?mode=LSD&mid=shm&sid1=104&oid=001&aid=0007644494	중동호흡기증후군(메르스)의 발원지라고 할 수 있는 사우디아라비아는 지난해 3월부터 감염자 수가 급증하자 긴급히 모든 학교에 전담 보건실을 설치했다.			
http://news.naver.com/main/read.nhn?mode=LSD&mid=shm&sid1=104&oid=001&aid=0007644400	버락 오바마 미국 대통령 등 주요 7개국(G7) 정상들이 독일에 속속 도착하면서 사실상 올해 G7 정상회의의 막이 올랐다.			
http://news.naver.com/main/read.nhn?mode=LSD&mid=shm&sid1=104&oid=421&aid=0001456860	말레이시아 보르네오섬 사바주(州) 키나발루산 강진 희생자가 16명으로 늘었다고 AFP통신이 7일(현지시간) 보도했다.	사망자 중 6명은 단체여행을 떠난 싱가포르 학생과 지도교사로 확인됐다.		
http://news.naver.com/main/read.nhn?mode=LSD&mid=shm&sid1=104&oid=009&aid=0003500264	올해 여름까지 안보 관련 법제 국회 통과를 마무리짓겠다는 아베 신조 일본 총리의 계획이 난관에 부딪혔다.	안보 법제 제·개정 작업을 위해 심의가 진행중인 국회에서 야당은 물론 학계의 반발에 부딪히고 있기 때문이다.		
http://news.naver.com/main/read.nhn?mode=LSD&mid=shm&sid1=104&oid=009&aid=0003500266	지난 2005년 1.26으로 최저를 기록한 후 조금씩 상승세를 보이던 일본의 출산율이 9년 만에 하락세를 보였다.	제2차 베이비붐 세대인 단카이 2세(1971~1974년생) 출산이 감소세로 돌입했고, 만혼의 영향으로 20대 출산률이 감소하고 있기 때문으로 분석된다.		
http://news.naver.com/main/read.nhn?mode=LSD&mid=shm&sid1=104&oid=001&aid=0007644349	이달 말로 시한이 임박한 이란 핵협상의 최종 타결안에 대한 상세 내용과 형식에 대한 언급이 처음으로 나왔다.			
http://news.naver.com/main/read.nhn?mode=LSD&mid=shm&sid1=104&oid=421&aid=0001456455	대만 당국이 한국인 여성 2명을 성매매 혐의로 체포했다고 7일 둥선TV 등 현지 언론이 보도했다.	이들은 약속이나 한듯 "중동호흡기증후군(메르스)이 확산되면서 한국 내 고객이 줄어 대만으로 왔다"고 주장한 것으로 알려졌다.		
http://news.naver.com/main/read.nhn?mode=LSD&mid=shm&sid1=104&oid=001&aid=0007643980	지난 5일 말레이시아 보르네오섬 사바주 키나발루산에서 발생한 지진으로 인한 사망자 수가 13명으로 늘어났다고 말레이시아 언론이 7일 보도했다.			
http://news.naver.com/main/read.nhn?mode=LSD&mid=shm&sid1=104&oid=001&aid=0007644036	영국 군함 HMS 불워크의 닉 쿡-프리스트 함장은 7일 기자들에게 북아프리카에서 지중해를 건너 이탈리아로 향하려는 난민이 "리비아 국경에 45만∼50만명 있다는 징후가 있다"고 말했다.			
http://news.naver.com/main/read.nhn?mode=LSD&mid=shm&sid1=104&oid=014&aid=0003442602	중국 양쯔강 유람선 침몰 사고로 탑승객 456명 중 사망·실종자가 442명에 이르는 것으로 확인되면서 신중국 건국 이후 최악의 선박 참사로 기록됐다.			
http://news.naver.com/main/read.nhn?mode=LSD&mid=shm&sid1=104&oid=022&aid=0002848288	미국 뉴욕 주의 한 교도소에서 살인범 2명이 탈옥했다.			
http://news.naver.com/main/read.nhn?mode=LSD&mid=shm&sid1=104&oid=003&aid=0006565600	멕시코 이민자 가정 출신의 고등학교 졸업반 학생이 미국의 모든 아이비리그 대학에 합격해 화제가 되고 있다.			
http://news.naver.com/main/read.nhn?mode=LSD&mid=shm&sid1=104&oid=001&aid=0007644203	중국 수도 베이징이 이달부터 사상 유례없는 엄격한 금연조례 시행에 들어갔지만 공공장소 3곳 가운데 1곳꼴로 금연규정을 어긴 것으로 나타났다.			
http://news.naver.com/main/read.nhn?mode=LSD&mid=shm&sid1=104&oid=421&aid=0001456567	아베 신조(安倍晋三) 일본 총리가 6일(현지시간) 일본 총리로는 처음 우크라이나를 방문해 친러 분리주의 반군과 내전 중인 우크라이나 정부를 계속해서 지지할 의사를 밝혔다.			
http://news.naver.com/main/read.nhn?mode=LSD&mid=shm&sid1=104&oid=001&aid=0007644146	터키의 새 정부를 선출하는 총선 투표가 7일 오전 8시(현지시간) 시작했다.			
http://news.naver.com/main/read.nhn?mode=LSD&mid=shm&sid1=104&oid=018&aid=0003272419	가자지구 무장단체가 이스라엘을 상대로 로켓포 공격을 가해오면서 이스라엘이 다시 가자지구에 대해 공습을 가하고 있다.			
http://news.naver.com/main/read.nhn?mode=LSD&mid=shm&sid1=104&oid=018&aid=0003272424	프란치스코 교황이 20년간 여전히 내전의 상처를 안고 있는 보스니아 헤르체고비나를 6일(현지시간) 방문해 종교의 다양성을 강조했다.			
http://news.naver.com/main/read.nhn?mode=LSD&mid=shm&sid1=104&oid=081&aid=0002565267	영국 해군이 리비아 해안에서 보트에 탄 갓난아기를 구출하는 장면이 카메라에 포착됐다.			
http://news.naver.com/main/read.nhn?mode=LSD&mid=shm&sid1=104&oid=421&aid=0001456281	프란치스코 교황이 6일(현지시간) 지난 1990년대 발생한 종교·인종간 내전의 깊은 상흔이 남은 보스니아 헤르체고비나를 방문해 평화의 중요성을 강조했다.			
http://news.naver.com/main/read.nhn?mode=LSD&mid=shm&sid1=104&oid=001&aid=0007643820	중국 송대의 미인침(美人枕)이 경매에서 세계최고가 기록을 경신했다.			
http://news.naver.com/main/read.nhn?mode=LSD&mid=shm&sid1=104&oid=001&aid=0007643582	중국 양쯔(揚子)강 유람선 침몰사고가 440여 명이 사망·실종하는 '대참사'로 결말이 났지만 여전히 의문점들이 남아있다.	사고 선박 내부 최종 수색에도 불구하고 '블랙박스'가 나오지 않았고 30여 명의 승객이 아직도 실종자로 분류된 점이 주로 지적된다.		
http://news.naver.com/main/read.nhn?mode=LSD&mid=shm&sid1=104&oid=001&aid=0007643584	미국 뉴욕 주의 한 교도소에서 살인범 2명이 탈옥했다.			
http://news.naver.com/main/read.nhn?mode=LSD&mid=shm&sid1=104&oid=018&aid=0003272272	주요 7개국(G7) 정상들이 7일(현지시간)부터 8일 오후까지 이틀간 우크라이나와 그리스 문제 등 국제 현안에 대해 논의하기 위해 머리를 맞댄다.			
http://news.naver.com/main/read.nhn?mode=LSD&mid=shm&sid1=104&oid=001&aid=0007643737	중국 양쯔(揚子)강 유람선 침몰 당시 배에서 튕겨 나가 3시간을 표류하다 구사일생으로 목숨을 건진 두 사람의 끈끈한 생존기록이 뒤늦게 알려져 화제다.			
http://news.naver.com/main/read.nhn?mode=LSD&mid=shm&sid1=104&oid=003&aid=0006565050	2012년 시리아 북부의 알레포 대학에서 반정부 구호를 스프레이로 담벼락에 쓰거나 깃발을 들고 시위에 앞장섰던 몰함과 모함마드 카얄리 형제는 그해 9월 생명의 위험을 느끼고 학업을 중단, 터키로 달아났다.			
http://news.naver.com/main/read.nhn?mode=LSD&mid=shm&sid1=104&oid=003&aid=0006565116	미국은 중국의 적극적인 상아 판매 단속에 상당한 감명을 받았으며 따라서 양국이 국제 야생동물 밀수를 막기 위해 공동전선을 펴는 것은 올바른 방향이라는 고위관리의 성명이 나왔다.			
http://news.naver.com/main/read.nhn?mode=LSD&mid=shm&sid1=104&oid=081&aid=0002565211	영국 왕실이 25년 만에 탄생한 새 공주인 샬럿 공주와 오빠인 조지 왕자가 함께 있는 모습을 최초로 공식 발표했다.			
http://news.naver.com/main/read.nhn?mode=LSD&mid=shm&sid1=104&oid=001&aid=0007643576	중국 대륙이 7일부터 3일간 대입학력고사 이른바 '가오카오'(高考)를 치른다.			
http://news.naver.com/main/read.nhn?mode=LSD&mid=shm&sid1=104&oid=001&aid=0007643511	지난 5일 말레이시아 사바주 키나발루산에서 지진이 일어나기 며칠 전에 외국인들이 산 정상에서 '누드 행각'을 벌인 것으로 알려져 눈총을 받고 있다.			
http://news.naver.com/main/read.nhn?mode=LSD&mid=shm&sid1=104&oid=001&aid=0007643513	중국에서 지난달 치러진 미국 대학입학자격시험(SAT) 성적 발표가 또 연기됐다.	7일 월스트리트저널(WSJ)에 따르면 SAT 시험을 주관하는 칼리지보드는 응시생들에게 성적 발표 연기를 공지하는 편지에서 보안사고 보고가 있어 조사중이라며 조사에 최장 5주가 걸릴 것이라고 밝혔다.		
http://news.naver.com/main/read.nhn?mode=LSD&mid=shm&sid1=104&oid=003&aid=0006564848	갓 이혼한 여성이 법원을 나와 근처의 다리 위에서 결혼반지와 함께 모든 과거의 추억을 강물 속에 던져 버리는 곳으로 리노의 명물인 "결혼반지의 다리" 또는 "탄식의 다리"가 탄생한 지 110년 만에 노후로 폭파 철거를 맞게 됐다.			
http://news.naver.com/main/read.nhn?mode=LSD&mid=shm&sid1=104&oid=056&aid=0010179776	“쇼카손주쿠 유네스코 등재는 침략과 전쟁 정당화”			
http://news.naver.com/main/read.nhn?mode=LSD&mid=shm&sid1=104&oid=001&aid=0007643462	우크라이나에서 열린 성소수자들의 권리신장 시위에서 폭력사태가 발생, 이들을 보호하려던 경찰관 5명이 다쳤다고 6일(현지시간) 영국 BBC방송이 보도했다.			
http://news.naver.com/main/read.nhn?mode=LSD&mid=shm&sid1=104&oid=001&aid=0007643434	지난 5일 말레이시아 보르네오섬 사바주 키나발루산에서 발생한 지진으로 인한 사망자 수가 13명으로 늘어났다고 말레이사 언론이 7일 보도했다.			
http://news.naver.com/main/read.nhn?mode=LSD&mid=shm&sid1=104&oid=001&aid=0007643428	주요 7개국(G7) 정상회의가 열리는 독일 알프스 산자락 마을인 가르미슈파르텐키르헨에 6일(현지시간) 세계 각국의 시위 참가자 수천명이 운집했다.			
http://news.naver.com/main/read.nhn?mode=LSD&mid=shm&sid1=104&oid=353&aid=0000022865	중국 창장(長江·일명 양쯔강)에서 발생한 유람선 ‘둥팡즈싱(東方之星)’ 침몰사고 엿새째인 6일 선박 내부 수색작업이 이뤄졌지만 시신만 수습됐을 뿐 생존자는 발견되지 않았다.			
http://news.naver.com/main/read.nhn?mode=LSD&mid=shm&sid1=103&oid=034&aid=0002818161	월요일인 내일은 전국이 흐린 가운데 남부 지방에 비가 내리며 더위가 잠시 주춤하겠습니다.			
http://news.naver.com/main/read.nhn?mode=LSD&mid=shm&sid1=103&oid=052&aid=0000690547	이번 주에 두 차례 비 예보가 있지만 남부 지방에 주로 내려 중부 가뭄 해갈에는 별 도움이 안 될 것으로 보입니다.			
http://news.naver.com/main/read.nhn?mode=LSD&mid=shm&sid1=103&oid=449&aid=0000060449	내일 충청이남 중심으로 비가 옵니다.			
http://news.naver.com/main/read.nhn?mode=LSD&mid=shm&sid1=103&oid=001&aid=0007643318	중동호흡기증후군(메르스) 여파로 한국 관광을 취소한 유커(遊客·중국인 관광객) 등 외국인 관광객이 2만명을 넘어섰다.			
http://news.naver.com/main/read.nhn?mode=LSD&mid=shm&sid1=103&oid=001&aid=0007643018	중동호흡기증후군(메르스) 확산에 따른 불안감이 여름으로 들어서는 6월 첫 주말이자 현충일인 6일 전국 주요 관광지의 분위기를 서늘하게 했다.			
http://news.naver.com/main/read.nhn?mode=LSD&mid=shm&sid1=103&oid=214&aid=0000504366	방금 부산 크루즈선 얘기도 전해드렸습니다마는 메르스 때문에 관광 업계에도 빨간불이 켜졌습니다.	특히 관광 비중이 큰 제주의 경우에는 직격 탄을 맞는 모습입니다.		
http://news.naver.com/main/read.nhn?mode=LSD&mid=shm&sid1=103&oid=022&aid=0002847935	지난달 20일 국내 메르스 환자가 처음 발견된 이후 6일 현재 확진자가 50명에 이르고 있는 가운데, 인파가 몰리는 공공장소나 극장에는 사람들의 발길이 줄어 업계의 한숨이 커지고 있다.			
http://news.naver.com/main/read.nhn?mode=LSD&mid=shm&sid1=103&oid=015&aid=0003350669	전북지역에서 5일 중동호흡기증후군(MERS·메르스) 양성환자가 발생하는 등 전국 확산 조짐을 보이면서 수학여행과 지역축제 등 각종 행사가 줄줄이 취소되고 있다.			
http://news.naver.com/main/read.nhn?mode=LSD&mid=shm&sid1=103&oid=421&aid=0001455377	중동호흡기증후군(메르스) 확산으로 전북 관광업계의 타격이 현실화하고 있다.			
http://news.naver.com/main/read.nhn?mode=LSD&mid=shm&sid1=103&oid=448&aid=0000110196	종교계도 비상입니다. 대형 집회나 성지 순례는 자제 조치를 내렸고, 불교계는 국제 대회를 아예 취소됐습니다.			
http://news.naver.com/main/read.nhn?mode=LSD&mid=shm&sid1=103&oid=421&aid=0001456662	일부 지역에서만 가능했던 여권-국제운전면허증 원스톱 발급이 전국으로 확대된다.			
http://news.naver.com/main/read.nhn?mode=LSD&mid=shm&sid1=103&oid=421&aid=0001456012	일요일인 7일 중동호흡기증후군(MERS·메르스) 사태 등으로 외출을 자제하는 나들이객들이 늘어 전국 고속도로 교통량이 줄어든 것으로 나타났다.			
http://news.naver.com/main/read.nhn?mode=LSD&mid=shm&sid1=103&oid=032&aid=0002604579	한국지엠 준중형 모델 쉐보레 크루즈는 2008년 11월 라세티 프리미어라는 이름으로 출시된 이래 세계 시장에서 300만대 이상 팔린 차다.			
http://news.naver.com/main/read.nhn?mode=LSD&mid=shm&sid1=103&oid=421&aid=0001456420	기아자동차가 하이브리드 차량 판매를 늘리기 위해 '더블 반값', '할부금 리턴' 등 다양한 프로모션을 진행하기 시작했다.			
http://news.naver.com/main/read.nhn?mode=LSD&mid=shm&sid1=103&oid=014&aid=0003442639	경기지역(일부지역 제외)에서도 국번 없이 1333번을 누르거나 전국 택시콜 서비스 애플리케이션(앱)을 사용해 택시를 이용할 수 있게 된다.			
http://news.naver.com/main/read.nhn?mode=LSD&mid=shm&sid1=103&oid=047&aid=0002090032	동해안 여행지 경포해변, 아들바위공원, 대관령 양떼목장			
http://news.naver.com/main/read.nhn?mode=LSD&mid=shm&sid1=103&oid=011&aid=0002694100	다음달부터 현대·기아자동차의 신차가 쏟아진다.	현대자동차의 대표 차량인 '쏘나타'에 신규 모델이 추가되고 베스트셀링카인 '아반떼'는 5년 만에 완전변경(풀체인지)돼 출시된다. 기아차의 인기차량 'K5'도 신형 모델이 출격을 준비 중이다.		
http://news.naver.com/main/read.nhn?mode=LSD&mid=shm&sid1=103&oid=001&aid=0007643809	전남 곡성군은 '섬진강 기차마을'이 전국 8곳과 함께 한국관광공사 주관 '2015년 베스트 그곳'에 뽑혔다고 7일 밝혔다.			
http://news.naver.com/main/read.nhn?mode=LSD&mid=shm&sid1=103&oid=001&aid=0007644285	임진왜란 당시 충무공 이순신의 첫 승전인 옥포대첩을 기리는 '제 53회 옥포대첩기념제전'이 오는 12∼13일, 16일 경남 거제에서 열릴 예정이었으나 중동호흡기증후군(메르스) 여파로 취소됐다.			
http://news.naver.com/main/read.nhn?mode=LSD&mid=shm&sid1=103&oid=047&aid=0002090023	[이탈리아 미술 기행④-2] 캄피돌리오 광장과 카피톨리니 박물관			
http://news.naver.com/main/read.nhn?mode=LSD&mid=shm&sid1=103&oid=005&aid=0000781157	서울 종로구 서울미술관에서 열리고 있는 기획전 ‘모든 것이 헛되다(All Vanity)’는 바쁜 일상을 잠시 내려놓고 삶과 죽음을 응시하는 시간을 갖기를 권한다.			
http://news.naver.com/main/read.nhn?mode=LSD&mid=shm&sid1=103&oid=421&aid=0001456392	호남고속철도 개통 두 달째를 맞아 수요에 비해 턱없이 부족한 열차 공급으로 입석 승객이 10배 가량 증가한 것으로 나타났다.			
http://news.naver.com/main/read.nhn?mode=LSD&mid=shm&sid1=103&oid=096&aid=0000378038	그 카우프만이 생애 첫 한국공연을 위해 지난 5일 서울에 도착했습니다.			
http://news.naver.com/main/read.nhn?mode=LSD&mid=shm&sid1=103&oid=469&aid=0000067817	낭만 발레의 진수 ‘지젤’이 새롭게 변신한다.			
http://news.naver.com/main/read.nhn?mode=LSD&mid=shm&sid1=103&oid=018&aid=0003272119	강원도 인제군 곰배령길	한국관광공사, 야생화 생태 여행지 5곳 소개		
http://news.naver.com/main/read.nhn?mode=LSD&mid=shm&sid1=103&oid=018&aid=0003272120	느긋하게 돌아보기 좋은 6월 초순	사람적고 숲 생기로워 생태여행 좋아		
http://news.naver.com/main/read.nhn?mode=LSD&mid=shm&sid1=103&oid=001&aid=0007643394	오는 9월 개막하는 2015 안동국제탈춤페스티벌의 주제가 '어릿광대의 꿈'으로 확정됐다.			
http://news.naver.com/main/read.nhn?mode=LSD&mid=shm&sid1=103&oid=003&aid=0006564748	기상청은 이날 "동해상에 위치한 고기압의 가장자리에 들겠다"며 "전국에 가끔 구름 많겠고, 제주도는 대체로 흐리겠다"고 예보했다.			
http://news.naver.com/main/read.nhn?mode=LSD&mid=shm&sid1=103&oid=346&aid=0000006315	최근 중동호흡기증후군(메르스ㆍMERS)가 확산하며 면역력 강화에 좋은 음식이 눈길을 끌고 있다.	◇해산물, 아연과 철분 풍부해 도움	◇단백질 충분히 먹으면 좋아	
http://news.naver.com/main/read.nhn?mode=LSD&mid=shm&sid1=103&oid=001&aid=0007643348	일요일인 7일은 낮 기온이 30도 안팎으로 오르는 등 전날보다 다소 더 덥겠다.			
http://news.naver.com/main/read.nhn?mode=LSD&mid=shm&sid1=103&oid=052&aid=0000690431	오늘 서울 낮기온이 29도, 전주 31도까지 오르면서 불볕더위는 계속되겠는데요.			
http://news.naver.com/main/read.nhn?mode=LSD&mid=shm&sid1=103&oid=052&aid=0000690417	따뜻한 날씨로 예년에 비해 1주일 정도 일찍 철쭉이 활짝 펴 아름다움을 전하고 있습니다.			
http://news.naver.com/main/read.nhn?mode=LSD&mid=shm&sid1=103&oid=353&aid=0000022852	달콤한 포르토 와인의 명산지인 두로 계곡과 이 곳에서 생산한 와인을 전세계로 실어 나른 포르토의 오래된 항구는 그 명성을 확인시켜준 곳이었다.			